Workbook

Sheet 00_Leia-me
A1: PLANILHA REPRODUTÍVEL DISSERTAÇÃO PLATAFORMA KAYAPÓ
A5: Objetivo e escopo
A6: Esta pasta de trabalho consolida o benchmark multicritério SAW, a avaliação heurística, os testes de desempenho, a inspeção de segurança OWASP e a matriz de rastreabilidade de requisitos. Os cálculos derivados foram implementados com fórmulas de Excel. Dados agregados são preservados como valores de entrada; onde a dissertação não disponibiliza dados brutos, a limitação é explicitada e há um modelo vazio para novas execuções no Apache JMeter.
A11: Planilha | B11: Finalidade | D11: Regras de interpretação
A12: 01_Dashboard | B12: Síntese visual dos principais resultados e alertas. | D12: Benchmark SAW: I = 100 × Σ wj × (xij/4). Os resultados medem cobertura multicritério, não BLEU nem acurácia de tradução.
A13: 02_Benchmark_SAW | B13: Matriz 0–4, pesos dos três cenários, fórmulas SAW, ranking e conferência dos valores publicados.
A14: 03_Benchmark_Evid | B14: Justificativas documentais para cada pontuação do benchmark. | D14: Heurística: severidade 0–4; problema = severidade maior que zero. A média global é a média aritmética das 22 severidades.
A15: 04_Heuristica_Dados | B15: 22 observações das cinco interfaces, com tela e heurística normalizadas.
A16: 05_Heuristica_Resumo | B16: Recalcula percentuais, média de severidade e compara a frequência publicada com a frequência derivada. | D16: Rastreabilidade: o índice de cobertura documental desta planilha é uma convenção de auditoria (1 = concluído/validado; 0,5 = parcial; 0 = planejado ou não comprovado) e não é um indicador originalmente declarado na dissertação.
A17: 06_Desempenho_Carga | B17: Sete cenários de 1 a 100 usuários: resposta, erro, throughput, CPU e memória.
A18: 07_Desempenho_Funcoes | B18: Tempo médio e taxa de sucesso por funcionalidade.
A19: 08_Seguranca_OWASP | B19: Pontuações por vulnerabilidade, totais, conformidade e ranking. | D19: Desempenho: os vetores agregados reproduzem as figuras. Sem arquivos .jtl, configuração do JMeter e especificação completa do ambiente, não é possível reproduzir independentemente as mesmas medições; a aba 11 fornece o esquema de coleta necessário.
A20: 09_Rastreabilidade | B20: 27 requisitos funcionais e não funcionais, processos, evidências e status.
A21: 10_Requisitos_Resumo | B21: Cobertura documental, status e participação dos processos MPS.BR.
A22: 11_JMeter_Template | B22: Modelo vazio para registrar ciclos e recalcular os agregados.
A23: 12_Auditoria | B23: Avaliação crítica das inconsistências e lacunas de reprodutibilidade.

Sheet 02_Benchmark_SAW
A1: BENCHMARK MULTICRITÉRIO — MÉTODO SAW
A3: Quatro alternativas, dez critérios, escala ordinal 0–4 e três cenários de pesos.
A5: Parâmetro | B5: Valor / definição | C5: Equilibrado | D5: Algorítmico | E5: Sociotécnico | G5: Pontuação | H5: Classificação
A6: Pontuação máxima | B6: 4 | C6: Pesos iguais | D6: Ênfase em tradução/baixo recurso/benchmark | E6: Ênfase em multimodalidade, acesso, educação e implantação | G6: 0 | H6: Ausente ou não reportada
G7: 1 | H7: Incipiente
A8: Critério | B8: Escala máxima | C8: Peso equilibrado | D8: Peso algorítmico | E8: Peso sociotécnico | G8: 2 | H8: Parcialmente atendida
A9: Automação da tradução | B9: 4 | C9: 0.1 | D9: 0.25 | E9: 0.08 | G9: 3 | H9: Substancialmente atendida
A10: Adaptação a baixo recurso | B10: 4 | C10: 0.1 | D10: 0.2 | E10: 0.08 | G10: 4 | H10: Abrangente / operacional
A11: Multimodalidade | B11: 4 | C11: 0.1 | D11: 0.04 | E11: 0.14
A12: Acessibilidade e usabilidade | B12: 4 | C12: 0.1 | D12: 0.04 | E12: 0.14
A13: Apoio educacional | B13: 4 | C13: 0.1 | D13: 0.04 | E13: 0.12
A14: Gestão do acervo linguístico | B14: 4 | C14: 0.1 | D14: 0.07 | E14: 0.1
A15: Orientação cultural e comunitária | B15: 4 | C15: 0.1 | D15: 0.05 | E15: 0.12
A16: Reprodutibilidade e benchmarking | B16: 4 | C16: 0.1 | D16: 0.18 | E16: 0.06
A17: Implantação operacional | B17: 4 | C17: 0.1 | D17: 0.06 | E17: 0.08
A18: Sustentabilidade e manutenção | B18: 4 | C18: 0.1 | D18: 0.07 | E18: 0.08
A19: Soma dos pesos | C19: =SUM(C9:C18) -> 1 | D19: =SUM(D9:D18) -> 1 | E19: =SUM(E9:E18) -> 1
A22: Alternativa | B22: Automação da tradução | C22: Adaptação a baixo recurso | D22: Multimodalidade | E22: Acessibilidade e usabilidade | F22: Apoio educacional | G22: Gestão do acervo linguístico | H22: Orientação cultural e comunitária | I22: Reprodutibilidade e benchmarking | J22: Implantação operacional | K22: Sustentabilidade e manutenção | L22: SAW equilibrado | M22: SAW algorítmico | N22: SAW sociotécnico | O22: Publicado eq. | P22: Dif. eq. | Q22: Publicado alg. | R22: Dif. alg. | S22: Publicado socio. | T22: Dif. socio. | U22: Rank eq. | V22: Rank alg. | W22: Rank socio.
A23: Ayuuk–Espanhol NMT | B23: 4 | C23: 3 | D23: 0 | E23: 1 | F23: 1 | G23: 1 | H23: 2 | I23: 3 | J23: 1 | K23: 1 | L23: =100*(B23*$C$9+C23*$C$10+D23*$C$11+E23*$C$12+F23*$C$13+G23*$C$14+H23*$C$15+I23*$C$16+J23*$C$17+K23*$C$18)/$B$6 -> 42.5 | M23: =100*(B23*$D$9+C23*$D$10+D23*$D$11+E23*$D$12+F23*$D$13+G23*$D$14+H23*$D$15+I23*$D$16+J23*$D$17+K23*$D$18)/$B$6 -> 63 | N23: =100*(B23*$E$9+C23*$E$10+D23*$E$11+E23*$E$12+F23*$E$13+G23*$E$14+H23*$E$15+I23*$E$16+J23*$E$17+K23*$E$18)/$B$6 -> 37.5 | O23: 42.5 | P23: =L23-O23 -> 0 | Q23: 63 | R23: =M23-Q23 -> 0 | S23: 37.5 | T23: =N23-S23 -> 0 | U23: =1+COUNTIF($L$23:$L$26,">"&L23) -> 3 | V23: =1+COUNTIF($M$23:$M$26,">"&M23) -> 4 | W23: =1+COUNTIF($N$23:$N$26,">"&N23) -> 3
A24: AmericasNLP 2024 | B24: 4 | C24: 4 | D24: 0 | E24: 1 | F24: 2 | G24: 2 | H24: 2 | I24: 4 | J24: 1 | K24: 2 | L24: =100*(B24*$C$9+C24*$C$10+D24*$C$11+E24*$C$12+F24*$C$13+G24*$C$14+H24*$C$15+I24*$C$16+J24*$C$17+K24*$C$18)/$B$6 -> 55 | M24: =100*(B24*$D$9+C24*$D$10+D24*$D$11+E24*$D$12+F24*$D$13+G24*$D$14+H24*$D$15+I24*$D$16+J24*$D$17+K24*$D$18)/$B$6 -> 77 | N24: =100*(B24*$E$9+C24*$E$10+D24*$E$11+E24*$E$12+F24*$E$13+G24*$E$14+H24*$E$15+I24*$E$16+J24*$E$17+K24*$E$18)/$B$6 -> 48.5 | O24: 55 | P24: =L24-O24 -> 0 | Q24: 77 | R24: =M24-Q24 -> 0 | S24: 48.5 | T24: =N24-S24 -> 0 | U24: =1+COUNTIF($L$23:$L$26,">"&L24) -> 2 | V24: =1+COUNTIF($M$23:$M$26,">"&M24) -> 1 | W24: =1+COUNTIF($N$23:$N$26,">"&N24) -> 2
A25: mBART cross-lingual | B25: 4 | C25: 4 | D25: 0 | E25: 0 | F25: 0 | G25: 1 | H25: 1 | I25: 4 | J25: 1 | K25: 2 | L25: =100*(B25*$C$9+C25*$C$10+D25*$C$11+E25*$C$12+F25*$C$13+G25*$C$14+H25*$C$15+I25*$C$16+J25*$C$17+K25*$C$18)/$B$6 -> 42.5 | M25: =100*(B25*$D$9+C25*$D$10+D25*$D$11+E25*$D$12+F25*$D$13+G25*$D$14+H25*$D$15+I25*$D$16+J25*$D$17+K25*$D$18)/$B$6 -> 71 | N25: =100*(B25*$E$9+C25*$E$10+D25*$E$11+E25*$E$12+F25*$E$13+G25*$E$14+H25*$E$15+I25*$E$16+J25*$E$17+K25*$E$18)/$B$6 -> 33.5 | O25: 42.5 | P25: =L25-O25 -> 0 | Q25: 71 | R25: =M25-Q25 -> 0 | S25: 33.5 | T25: =N25-S25 -> 0 | U25: =1+COUNTIF($L$23:$L$26,">"&L25) -> 3 | V25: =1+COUNTIF($M$23:$M$26,">"&M25) -> 3 | W25: =1+COUNTIF($N$23:$N$26,">"&N25) -> 4
A26: Plataforma Kayapó | B26: 2 | C26: 3 | D26: 4 | E26: 4 | F26: 4 | G26: 4 | H26: 4 | I26: 2 | J26: 4 | K26: 4 | L26: =100*(B26*$C$9+C26*$C$10+D26*$C$11+E26*$C$12+F26*$C$13+G26*$C$14+H26*$C$15+I26*$C$16+J26*$C$17+K26*$C$18)/$B$6 -> 87.5 | M26: =100*(B26*$D$9+C26*$D$10+D26*$D$11+E26*$D$12+F26*$D$13+G26*$D$14+H26*$D$15+I26*$D$16+J26*$D$17+K26*$D$18)/$B$6 -> 73.5 | N26: =100*(B26*$E$9+C26*$E$10+D26*$E$11+E26*$E$12+F26*$E$13+G26*$E$14+H26*$E$15+I26*$E$16+J26*$E$17+K26*$E$18)/$B$6 -> 91 | O26: 87.5 | P26: =L26-O26 -> 0 | Q26: 73.5 | R26: =M26-Q26 -> 0 | S26: 91 | T26: =N26-S26 -> 0 | U26: =1+COUNTIF($L$23:$L$26,">"&L26) -> 1 | V26: =1+COUNTIF($M$23:$M$26,">"&M26) -> 2 | W26: =1+COUNTIF($N$23:$N$26,">"&N26) -> 1
A29: Fórmula implementada: Iᵢ = 100 × Σⱼ wⱼ(xᵢⱼ/4), com Σwⱼ = 1. As colunas “Dif.” devem permanecer em 0,0; qualquer alteração em pesos ou pontuações recalcula automaticamente os índices e rankings.

Sheet 03_Benchmark_Evid
A1: JUSTIFICATIVAS DO BENCHMARK
A3: Rastreabilidade documental das pontuações 0–4. A matriz exata foi recuperada do arquivo benchmark_multicriterio_kayapo.csv usado na geração da Figura 31.
A5: Alternativa | B5: Critério | C5: Pontuação | D5: Justificativa documental | E5: Local da evidência | F5: Natureza da avaliação
A6: Ayuuk–Espanhol NMT | B6: Automação da tradução | C6: 4 | D6: Tradução automática encoder–decoder é a finalidade central. | E6: Tabela 1 / Estado da arte | F6: Julgamento documental ordinal
A7: Ayuuk–Espanhol NMT | B7: Adaptação a baixo recurso | C7: 3 | D7: Treinamento com corpus paralelo reduzido e normalização ortográfica. | E7: Tabela 1 / Estado da arte | F7: Julgamento documental ordinal
A8: Ayuuk–Espanhol NMT | B8: Multimodalidade | C8: 0 | D8: Recursos multimodais não constituem foco do sistema. | E8: Tabela 1 / Estado da arte | F8: Julgamento documental ordinal
A9: Ayuuk–Espanhol NMT | B9: Acessibilidade e usabilidade | C9: 1 | D9: Interface e acessibilidade não são requisitos centrais; presença apenas incipiente. | E9: Tabela 1 / Estado da arte | F9: Julgamento documental ordinal
A10: Ayuuk–Espanhol NMT | B10: Apoio educacional | C10: 1 | D10: Aplicação educacional não é integrada, mas o artefato pode apoiar estudos. | E10: Tabela 1 / Estado da arte | F10: Julgamento documental ordinal
A11: Ayuuk–Espanhol NMT | B11: Gestão do acervo linguístico | C11: 1 | D11: Corpus utilizado sobretudo para treinamento e avaliação, sem gestão operacional contínua. | E11: Tabela 1 / Estado da arte | F11: Julgamento documental ordinal
A12: Ayuuk–Espanhol NMT | B12: Orientação cultural e comunitária | C12: 2 | D12: Contexto cultural considerado na seleção e no tratamento dos dados linguísticos. | E12: Tabela 1 / Estado da arte | F12: Julgamento documental ordinal
A13: Ayuuk–Espanhol NMT | B13: Reprodutibilidade e benchmarking | C13: 3 | D13: Publicação com avaliação automática e descrição metodológica, mas sem ambiente de shared task. | E13: Tabela 1 / Estado da arte | F13: Julgamento documental ordinal
A14: Ayuuk–Espanhol NMT | B14: Implantação operacional | C14: 1 | D14: Solução predominantemente experimental, sem implantação institucional. | E14: Tabela 1 / Estado da arte | F14: Julgamento documental ordinal
A15: Ayuuk–Espanhol NMT | B15: Sustentabilidade e manutenção | C15: 1 | D15: Sustentabilidade dependente da manutenção do modelo e do corpus. | E15: Tabela 1 / Estado da arte | F15: Julgamento documental ordinal
A16: AmericasNLP 2024 | B16: Automação da tradução | C16: 4 | D16: Shared task dedicada à comparação de sistemas de tradução automática. | E16: Tabela 1 / Estado da arte | F16: Julgamento documental ordinal
A17: AmericasNLP 2024 | B17: Adaptação a baixo recurso | C17: 4 | D17: Uso de corpora padronizados, pré-treinamento multilíngue e transferência cross-lingual. | E17: Tabela 1 / Estado da arte | F17: Julgamento documental ordinal
... A45: Plataforma Kayapó | B45: Sustentabilidade e manutenção | C45: 4 | D45: Arquitetura modular, gestão de usuários e atualização contínua. | E45: Tabela 1 / Estado da arte | F45: Julgamento documental ordinal

Sheet 04_Heuristica_Dados
A1: AVALIAÇÃO HEURÍSTICA — DADOS DE BASE
A3: 22 aspectos avaliados segundo Nielsen e Molich; preserva valores reportados e registra normalizações necessárias.
A5: ID | B5: Tela reportada | C5: Tela normalizada | D5: Aspecto avaliado | E5: Heurística normalizada | F5: Severidade | G5: Classificação | H5: Problema (0/1) | I5: Justificativa | J5: Nota de auditoria
A6: 1 | B6: Login | C6: Login | D6: Organização clara dos elementos e fluxo simples | E6: Consistência e padrões | F6: 0 | G6: Sem problema | H6: =IF(F6>0,1,0) -> 0 | I6: Boa organização visual, fácil compreensão para o usuário.
A7: 2 | B7: Login | C7: Login | D7: Seleção de tipo de usuário | E7: Visibilidade do status do sistema | F7: 1 | G7: Leve | H7: =IF(F7>0,1,0) -> 1 | I7: É adequada, podendo ser aprimorada com feedback mais explícito após a seleção.
A8: 3 | B8: Login | C8: Login | D8: Alternância de tema (claro/escuro) | E8: Controle e liberdade do usuário | F8: 0 | G8: Sem problema | H8: =IF(F8>0,1,0) -> 0 | I8: Controle direto ao usuário, acessibilidade e conforto visual. | J8: Heurística normalizada de 'Controle do usuário'.
A9: 4 | B9: Principal | C9: Principal | D9: Menu lateral responsivo e intuitivo | E9: Controle e liberdade do usuário | F9: 0 | G9: Sem problema | H9: =IF(F9>0,1,0) -> 0 | I9: Fácil navegação e acesso rápido às funcionalidades.
A10: 5 | B10: Principal | C10: Principal | D10: Barra de pesquisa funcional | E10: Flexibilidade e eficiência de uso | F10: 1 | G10: Leve | H10: =IF(F10>0,1,0) -> 1 | I10: Busca intuitiva; pode receber sugestões automáticas ou feedback dinâmico. | J10: Célula mesclada/ausente no DOCX; texto reconstruído a partir da página 66.
A11: 6 | B11: Principal | C11: Principal | D11: Reprodutores de áudio integrados | E11: Visibilidade do status do sistema | F11: 1 | G11: Leve | H11: =IF(F11>0,1,0) -> 1 | I11: Controles funcionais; pode melhorar a indicação de execução/pausa.
A12: 7 | B12: Principal | C12: Principal | D12: Integração com VLibras | E12: Ajuda e documentação | F12: 0 | G12: Sem problema | H12: =IF(F12>0,1,0) -> 0 | I12: Recurso relevante que amplia significativamente a acessibilidade. | J12: Célula mesclada/ausente no DOCX; texto reconstruído a partir da página 66.
A13: 8 | B13: Principal | C13: Principal | D13: Controles de zoom (+/-) | E13: Reconhecimento em vez de memorização | F13: 1 | G13: Leve | H13: =IF(F13>0,1,0) -> 1 | I13: Pode ser aprimorado com rótulos ou dicas visuais.
A14: 9 | B14: Módulo | C14: Módulo | D14: Organização em cards de conteúdo | E14: Estética e design minimalista | F14: 0 | G14: Sem problema | H14: =IF(F14>0,1,0) -> 0 | I14: A disposição favorece leitura e navegação.
A15: 10 | B15: Módulo | C15: Módulo | D15: Integração com vídeos (YouTube) | E15: Flexibilidade e eficiência de uso | F15: 1 | G15: Leve | H15: =IF(F15>0,1,0) -> 1 | I15: Enriquece o aprendizado; pode ter maior controle dentro do sistema.
A16: 11 | B16: Módulo | C16: Módulo | D16: Consistência entre mídias (áudio/vídeo) | E16: Controle e liberdade do usuário | F16: 0 | G16: Sem problema | H16: =IF(F16>0,1,0) -> 0 | I16: Pequenas variações não comprometem o uso, mas podem ser padronizadas. | J16: Heurística normalizada de 'Controle do usuário'.
A17: 12 | B17: Estatísticas | C17: Estatísticas | D17: Exibição de dados de login | E17: Visibilidade do status do sistema | F17: 0 | G17: Sem problema | H17: =IF(F17>0,1,0) -> 0 | I17: Informações de primeiro e último acesso facilitam acompanhamento.
A18: 13 | B18: Estatísticas | C18: Estatísticas | D18: Identificação do usuário logado | E18: Correspondência entre sistema e mundo real | F18: 0 | G18: Sem problema | H18: =IF(F18>0,1,0) -> 0 | I18: Exibição direta do nome promove reconhecimento imediato. | J18: Justificativa reconstruída da página 68.
A19: 14 | B19: Estatísticas | C19: Estatísticas | D19: Gráfico de tempo entre logins | E19: Reconhecimento em vez de memorização | F19: 1 | G19: Leve | H19: =IF(F19>0,1,0) -> 1 | I19: Representação adequada; pode exigir interpretação adicional sem legenda detalhada.
A20: 15 | B20: Estatísticas | C20: Estatísticas | D20: Legibilidade do gráfico | E20: Estética e design minimalista | F20: 1 | G20: Leve | H20: =IF(F20>0,1,0) -> 1 | I20: Possível dificuldade de leitura em valores e datas no eixo.
A21: 16 | B21: Principal | C21: Estatísticas | D21: Menu lateral de navegação | E21: Consistência e padrões | F21: 0 | G21: Sem problema | H21: =IF(F21>0,1,0) -> 0 | I21: Mantém padrão visual e funcional das demais telas. | J21: Tela reportada como 'Principal'; normalizada para 'Estatísticas' conforme o contexto do Quadro 4.
A22: 17 | B22: Mensagens | C22: Mensagens | D22: Estrutura do formulário | E22: Consistência e padrões | F22: 0 | G22: Sem problema | H22: =IF(F22>0,1,0) -> 0 | I22: Organização clara dos campos, seguindo padrão conhecido de formulários.
A23: 18 | B23: Mensagens | C23: Mensagens | D23: Identificação dos campos | E23: Correspondência entre sistema e mundo real | F23: 0 | G23: Sem problema | H23: =IF(F23>0,1,0) -> 0 | I23: Rótulos compreensíveis facilitam o preenchimento. | J23: Justificativa reconstruída da página 69.
A24: 19 | B24: Mensagens | C24: Mensagens | D24: Feedback de erro ou sucesso | E24: Ajuda a reconhecer, diagnosticar e corrigir erros | F24: 0 | G24: Sem problema | H24: =IF(F24>0,1,0) -> 0 | I24: Apresenta validação visível de erro ou sucesso. | J24: A narrativa da página 70 contradiz esta linha e afirma ausência de mensagens claras.
A25: 20 | B25: Mensagens | C25: Mensagens | D25: Navegação pelo menu lateral | E25: Controle e liberdade do usuário | F25: 0 | G25: Sem problema | H25: =IF(F25>0,1,0) -> 0 | I25: Permite fácil acesso a outras funcionalidades.
A26: 21 | B26: Mensagens | C26: Mensagens | D26: Menu lateral de navegação | E26: Consistência e padrões | F26: 0 | G26: Sem problema | H26: =IF(F26>0,1,0) -> 0 | I26: Mantém padrão visual e funcional das demais telas.
A27: 22 | B27: Mensagens | C27: Mensagens | D27: Acessibilidade visual (contraste e tamanho) | E27: Estética e design minimalista | F27: 1 | G27: Leve | H27: =IF(F27>0,1,0) -> 1 | I27: Interface limpa; pode melhorar o contraste de alguns elementos. | J27: Justificativa reconstruída da página 69.

Sheet 05_Heuristica_Resumo
A1: AVALIAÇÃO HEURÍSTICA — REPRODUÇÃO E CONFERÊNCIA
A3: Percentuais e médias derivados diretamente das 22 observações da aba 04.
A5: Indicador | B5: Fórmula / base | C5: Resultado | D5: Publicado | H5: Heurística | I5: Frequência publicada | J5: % publicado | K5: Frequência recalculada | L5: % recalculado | M5: Diferença f
A6: Total de aspectos | B6: CONT.VALORES IDs | C6: =COUNTA('04_Heuristica_Dados'!A6:A27) -> 22 | D6: 22 | H6: Consistência e padrões | I6: 4 | J6: 18.18 | K6: =COUNTIF('04_Heuristica_Dados'!$E$6:$E$27,H6) -> 4 | L6: =100*K6/COUNTA('04_Heuristica_Dados'!$A$6:$A$27) -> 18.181818 | M6: =K6-I6 -> 0
A7: Sem problema | B7: Severidade = 0 | C7: =COUNTIF('04_Heuristica_Dados'!F6:F27,0) -> 14 | D7: 14 | H7: Estética e design minimalista | I7: 4 | J7: 18.18 | K7: =COUNTIF('04_Heuristica_Dados'!$E$6:$E$27,H7) -> 3 | L7: =100*K7/COUNTA('04_Heuristica_Dados'!$A$6:$A$27) -> 13.636364 | M7: =K7-I7 -> -1
A8: Com problema leve | B8: Severidade > 0 | C8: =COUNTIF('04_Heuristica_Dados'!F6:F27,">0") -> 8 | D8: 8 | H8: Controle e liberdade do usuário | I8: 3 | J8: 13.64 | K8: =COUNTIF('04_Heuristica_Dados'!$E$6:$E$27,H8) -> 4 | L8: =100*K8/COUNTA('04_Heuristica_Dados'!$A$6:$A$27) -> 18.181818 | M8: =K8-I8 -> 1
A9: Percentual sem problema | B9: Sem problema / total | C9: =100*C7/C6 -> 63.636364 | D9: 63.64 | H9: Visibilidade do status do sistema | I9: 3 | J9: 13.64 | K9: =COUNTIF('04_Heuristica_Dados'!$E$6:$E$27,H9) -> 3 | L9: =100*K9/COUNTA('04_Heuristica_Dados'!$A$6:$A$27) -> 13.636364 | M9: =K9-I9 -> 0
A10: Percentual com problema | B10: Com problema / total | C10: =100*C8/C6 -> 36.363636 | D10: 36.36 | H10: Flexibilidade e eficiência de uso | I10: 2 | J10: 9.09 | K10: =COUNTIF('04_Heuristica_Dados'!$E$6:$E$27,H10) -> 2 | L10: =100*K10/COUNTA('04_Heuristica_Dados'!$A$6:$A$27) -> 9.0909091 | M10: =K10-I10 -> 0
A11: Média global de severidade | B11: Média das severidades | C11: =AVERAGE('04_Heuristica_Dados'!F6:F27) -> 0.36363636 | D11: 0.36 | H11: Reconhecimento em vez de memorização | I11: 2 | J11: 9.09 | K11: =COUNTIF('04_Heuristica_Dados'!$E$6:$E$27,H11) -> 2 | L11: =100*K11/COUNTA('04_Heuristica_Dados'!$A$6:$A$27) -> 9.0909091 | M11: =K11-I11 -> 0
H12: Correspondência entre sistema e mundo real | I12: 2 | J12: 9.09 | K12: =COUNTIF('04_Heuristica_Dados'!$E$6:$E$27,H12) -> 2 | L12: =100*K12/COUNTA('04_Heuristica_Dados'!$A$6:$A$27) -> 9.0909091 | M12: =K12-I12 -> 0
H13: Ajuda e documentação | I13: 1 | J13: 4.55 | K13: =COUNTIF('04_Heuristica_Dados'!$E$6:$E$27,H13) -> 1 | L13: =100*K13/COUNTA('04_Heuristica_Dados'!$A$6:$A$27) -> 4.5454545 | M13: =K13-I13 -> 0
A14: Tela | B14: Itens | C14: Sem problema | D14: Com problema | E14: % com problema | F14: Média severidade | H14: Ajuda a reconhecer, diagnosticar e corrigir erros | I14: 1 | J14: 4.55 | K14: =COUNTIF('04_Heuristica_Dados'!$E$6:$E$27,H14) -> 1 | L14: =100*K14/COUNTA('04_Heuristica_Dados'!$A$6:$A$27) -> 4.5454545 | M14: =K14-I14 -> 0
A15: Login | B15: =COUNTIF('04_Heuristica_Dados'!$C$6:$C$27,A15) -> 3 | C15: =COUNTIFS('04_Heuristica_Dados'!$C$6:$C$27,A15,'04_Heuristica_Dados'!$F$6:$F$27,0) -> 2 | D15: =COUNTIFS('04_Heuristica_Dados'!$C$6:$C$27,A15,'04_Heuristica_Dados'!$F$6:$F$27,">0") -> 1 | E15: =IFERROR(100*D15/B15,0) -> 33.333333 | F15: =IFERROR(SUMIF('04_Heuristica_Dados'!$C$6:$C$27,A15,'04_Heuristica_Dados'!$F$6:$F$27)/B15,0) -> 0.33333333
A16: Principal | B16: =COUNTIF('04_Heuristica_Dados'!$C$6:$C$27,A16) -> 5 | C16: =COUNTIFS('04_Heuristica_Dados'!$C$6:$C$27,A16,'04_Heuristica_Dados'!$F$6:$F$27,0) -> 2 | D16: =COUNTIFS('04_Heuristica_Dados'!$C$6:$C$27,A16,'04_Heuristica_Dados'!$F$6:$F$27,">0") -> 3 | E16: =IFERROR(100*D16/B16,0) -> 60 | F16: =IFERROR(SUMIF('04_Heuristica_Dados'!$C$6:$C$27,A16,'04_Heuristica_Dados'!$F$6:$F$27)/B16,0) -> 0.6
A17: Módulo | B17: =COUNTIF('04_Heuristica_Dados'!$C$6:$C$27,A17) -> 3 | C17: =COUNTIFS('04_Heuristica_Dados'!$C$6:$C$27,A17,'04_Heuristica_Dados'!$F$6:$F$27,0) -> 2 | D17: =COUNTIFS('04_Heuristica_Dados'!$C$6:$C$27,A17,'04_Heuristica_Dados'!$F$6:$F$27,">0") -> 1 | E17: =IFERROR(100*D17/B17,0) -> 33.333333 | F17: =IFERROR(SUMIF('04_Heuristica_Dados'!$C$6:$C$27,A17,'04_Heuristica_Dados'!$F$6:$F$27)/B17,0) -> 0.33333333 | H17: Conferência: a Tabela 7 publicada atribui frequência 4 a “Estética e design minimalista” e 3 a “Controle e liberdade do usuário”. A recomposição das 22 linhas produz 3 e 4, respectivamente. O total e os percentuais globais de severidade permanecem corretos.
A18: Estatísticas | B18: =COUNTIF('04_Heuristica_Dados'!$C$6:$C$27,A18) -> 5 | C18: =COUNTIFS('04_Heuristica_Dados'!$C$6:$C$27,A18,'04_Heuristica_Dados'!$F$6:$F$27,0) -> 3 | D18: =COUNTIFS('04_Heuristica_Dados'!$C$6:$C$27,A18,'04_Heuristica_Dados'!$F$6:$F$27,">0") -> 2 | E18: =IFERROR(100*D18/B18,0) -> 40 | F18: =IFERROR(SUMIF('04_Heuristica_Dados'!$C$6:$C$27,A18,'04_Heuristica_Dados'!$F$6:$F$27)/B18,0) -> 0.4
A19: Mensagens | B19: =COUNTIF('04_Heuristica_Dados'!$C$6:$C$27,A19) -> 6 | C19: =COUNTIFS('04_Heuristica_Dados'!$C$6:$C$27,A19,'04_Heuristica_Dados'!$F$6:$F$27,0) -> 5 | D19: =COUNTIFS('04_Heuristica_Dados'!$C$6:$C$27,A19,'04_Heuristica_Dados'!$F$6:$F$27,">0") -> 1 | E19: =IFERROR(100*D19/B19,0) -> 16.666667 | F19: =IFERROR(SUMIF('04_Heuristica_Dados'!$C$6:$C$27,A19,'04_Heuristica_Dados'!$F$6:$F$27)/B19,0) -> 0.16666667

Sheet 06_Desempenho_Carga
A1: TESTE DE DESEMPENHO — CENÁRIOS DE CARGA
A3: Vetores agregados usados nas Figuras 25–28. Cenários: 1, 5, 10, 25, 50, 75 e 100 usuários simultâneos.
A5: Usuários | B5: Resposta média (s) | C5: Erro (%) | D5: Throughput (req/s) | E5: CPU média (%) | F5: Memória média (MB) | G5: Sucesso (%) | H5: Req/s por 1% CPU | I5: Memória por usuário (MB) | J5: Origem do valor | K5: Resposta recalculada | L5: Erro recalculado | M5: Throughput recalculado | N5: CPU recalculada | O5: Memória recalculada | P5: Dif. resposta | Q5: Dif. erro
A6: 1 | B6: 0.42 | C6: 0 | D6: 2.1 | E6: 12 | F6: 340 | G6: =100-C6 -> 100 | H6: =IFERROR(D6/E6,"") -> 0.175 | I6: =IFERROR(F6/A6,"") -> 340 | J6: Vetor utilizado nas figuras / resultados agregados | K6: =IFERROR(SUMIFS('11_JMeter_Template'!$D$16:$D$515,'11_JMeter_Template'!$A$16:$A$515,A6)/SUMIFS('11_JMeter_Template'!$C$16:$C$515,'11_JMeter_Template'!$A$16:$A$515,A6)/1000,"") | L6: =IFERROR(100*SUMIFS('11_JMeter_Template'!$E$16:$E$515,'11_JMeter_Template'!$A$16:$A$515,A6)/SUMIFS('11_JMeter_Template'!$C$16:$C$515,'11_JMeter_Template'!$A$16:$A$515,A6),"") | M6: =IFERROR(SUMIFS('11_JMeter_Template'!$C$16:$C$515,'11_JMeter_Template'!$A$16:$A$515,A6)/SUMIFS('11_JMeter_Template'!$F$16:$F$515,'11_JMeter_Template'!$A$16:$A$515,A6),"") | N6: =IFERROR(SUMIFS('11_JMeter_Template'!$G$16:$G$515,'11_JMeter_Template'!$A$16:$A$515,A6)/COUNTIF('11_JMeter_Template'!$A$16:$A$515,A6),"") | O6: =IFERROR(SUMIFS('11_JMeter_Template'!$H$16:$H$515,'11_JMeter_Template'!$A$16:$A$515,A6)/COUNTIF('11_JMeter_Template'!$A$16:$A$515,A6),"") | P6: =IF(K6="","",K6-B6) | Q6: =IF(L6="","",L6-C6)
A7: 5 | B7: 0.51 | C7: 0 | D7: 9.4 | E7: 18 | F7: 410 | G7: =100-C7 -> 100 | H7: =IFERROR(D7/E7,"") -> 0.52222222 | I7: =IFERROR(F7/A7,"") -> 82 | J7: Vetor utilizado nas figuras / resultados agregados | K7: =IFERROR(SUMIFS('11_JMeter_Template'!$D$16:$D$515,'11_JMeter_Template'!$A$16:$A$515,A7)/SUMIFS('11_JMeter_Template'!$C$16:$C$515,'11_JMeter_Template'!$A$16:$A$515,A7)/1000,"") | L7: =IFERROR(100*SUMIFS('11_JMeter_Template'!$E$16:$E$515,'11_JMeter_Template'!$A$16:$A$515,A7)/SUMIFS('11_JMeter_Template'!$C$16:$C$515,'11_JMeter_Template'!$A$16:$A$515,A7),"") | M7: =IFERROR(SUMIFS('11_JMeter_Template'!$C$16:$C$515,'11_JMeter_Template'!$A$16:$A$515,A7)/SUMIFS('11_JMeter_Template'!$F$16:$F$515,'11_JMeter_Template'!$A$16:$A$515,A7),"") | N7: =IFERROR(SUMIFS('11_JMeter_Template'!$G$16:$G$515,'11_JMeter_Template'!$A$16:$A$515,A7)/COUNTIF('11_JMeter_Template'!$A$16:$A$515,A7),"") | O7: =IFERROR(SUMIFS('11_JMeter_Template'!$H$16:$H$515,'11_JMeter_Template'!$A$16:$A$515,A7)/COUNTIF('11_JMeter_Template'!$A$16:$A$515,A7),"") | P7: =IF(K7="","",K7-B7) | Q7: =IF(L7="","",L7-C7)
A8: 10 | B8: 0.68 | C8: 0.2 | D8: 17.8 | E8: 27 | F8: 520 | G8: =100-C8 -> 99.8 | H8: =IFERROR(D8/E8,"") -> 0.65925926 | I8: =IFERROR(F8/A8,"") -> 52 | J8: Vetor utilizado nas figuras / resultados agregados | K8: =IFERROR(SUMIFS('11_JMeter_Template'!$D$16:$D$515,'11_JMeter_Template'!$A$16:$A$515,A8)/SUMIFS('11_JMeter_Template'!$C$16:$C$515,'11_JMeter_Template'!$A$16:$A$515,A8)/1000,"") | L8: =IFERROR(100*SUMIFS('11_JMeter_Template'!$E$16:$E$515,'11_JMeter_Template'!$A$16:$A$515,A8)/SUMIFS('11_JMeter_Template'!$C$16:$C$515,'11_JMeter_Template'!$A$16:$A$515,A8),"") | M8: =IFERROR(SUMIFS('11_JMeter_Template'!$C$16:$C$515,'11_JMeter_Template'!$A$16:$A$515,A8)/SUMIFS('11_JMeter_Template'!$F$16:$F$515,'11_JMeter_Template'!$A$16:$A$515,A8),"") | N8: =IFERROR(SUMIFS('11_JMeter_Template'!$G$16:$G$515,'11_JMeter_Template'!$A$16:$A$515,A8)/COUNTIF('11_JMeter_Template'!$A$16:$A$515,A8),"") | O8: =IFERROR(SUMIFS('11_JMeter_Template'!$H$16:$H$515,'11_JMeter_Template'!$A$16:$A$515,A8)/COUNTIF('11_JMeter_Template'!$A$16:$A$515,A8),"") | P8: =IF(K8="","",K8-B8) | Q8: =IF(L8="","",L8-C8)
A9: 25 | B9: 0.95 | C9: 0.6 | D9: 37.5 | E9: 43 | F9: 690 | G9: =100-C9 -> 99.4 | H9: =IFERROR(D9/E9,"") -> 0.87209302 | I9: =IFERROR(F9/A9,"") -> 27.6 | J9: Vetor utilizado nas figuras / resultados agregados | K9: =IFERROR(SUMIFS('11_JMeter_Template'!$D$16:$D$515,'11_JMeter_Template'!$A$16:$A$515,A9)/SUMIFS('11_JMeter_Template'!$C$16:$C$515,'11_JMeter_Template'!$A$16:$A$515,A9)/1000,"") | L9: =IFERROR(100*SUMIFS('11_JMeter_Template'!$E$16:$E$515,'11_JMeter_Template'!$A$16:$A$515,A9)/SUMIFS('11_JMeter_Template'!$C$16:$C$515,'11_JMeter_Template'!$A$16:$A$515,A9),"") | M9: =IFERROR(SUMIFS('11_JMeter_Template'!$C$16:$C$515,'11_JMeter_Template'!$A$16:$A$515,A9)/SUMIFS('11_JMeter_Template'!$F$16:$F$515,'11_JMeter_Template'!$A$16:$A$515,A9),"") | N9: =IFERROR(SUMIFS('11_JMeter_Template'!$G$16:$G$515,'11_JMeter_Template'!$A$16:$A$515,A9)/COUNTIF('11_JMeter_Template'!$A$16:$A$515,A9),"") | O9: =IFERROR(SUMIFS('11_JMeter_Template'!$H$16:$H$515,'11_JMeter_Template'!$A$16:$A$515,A9)/COUNTIF('11_JMeter_Template'!$A$16:$A$515,A9),"") | P9: =IF(K9="","",K9-B9) | Q9: =IF(L9="","",L9-C9)
A10: 50 | B10: 1.48 | C10: 1.4 | D10: 54.2 | E10: 61 | F10: 870 | G10: =100-C10 -> 98.6 | H10: =IFERROR(D10/E10,"") -> 0.88852459 | I10: =IFERROR(F10/A10,"") -> 17.4 | J10: Vetor utilizado nas figuras / resultados agregados | K10: =IFERROR(SUMIFS('11_JMeter_Template'!$D$16:$D$515,'11_JMeter_Template'!$A$16:$A$515,A10)/SUMIFS('11_JMeter_Template'!$C$16:$C$515,'11_JMeter_Template'!$A$16:$A$515,A10)/1000,"") | L10: =IFERROR(100*SUMIFS('11_JMeter_Template'!$E$16:$E$515,'11_JMeter_Template'!$A$16:$A$515,A10)/SUMIFS('11_JMeter_Template'!$C$16:$C$515,'11_JMeter_Template'!$A$16:$A$515,A10),"") | M10: =IFERROR(SUMIFS('11_JMeter_Template'!$C$16:$C$515,'11_JMeter_Template'!$A$16:$A$515,A10)/SUMIFS('11_JMeter_Template'!$F$16:$F$515,'11_JMeter_Template'!$A$16:$A$515,A10),"") | N10: =IFERROR(SUMIFS('11_JMeter_Template'!$G$16:$G$515,'11_JMeter_Template'!$A$16:$A$515,A10)/COUNTIF('11_JMeter_Template'!$A$16:$A$515,A10),"") | O10: =IFERROR(SUMIFS('11_JMeter_Template'!$H$16:$H$515,'11_JMeter_Template'!$A$16:$A$515,A10)/COUNTIF('11_JMeter_Template'!$A$16:$A$515,A10),"") | P10: =IF(K10="","",K10-B10) | Q10: =IF(L10="","",L10-C10)
A11: 75 | B11: 2.21 | C11: 2.9 | D11: 61.8 | E11: 78 | F11: 1040 | G11: =100-C11 -> 97.1 | H11: =IFERROR(D11/E11,"") -> 0.79230769 | I11: =IFERROR(F11/A11,"") -> 13.866667 | J11: Vetor utilizado nas figuras / resultados agregados | K11: =IFERROR(SUMIFS('11_JMeter_Template'!$D$16:$D$515,'11_JMeter_Template'!$A$16:$A$515,A11)/SUMIFS('11_JMeter_Template'!$C$16:$C$515,'11_JMeter_Template'!$A$16:$A$515,A11)/1000,"") | L11: =IFERROR(100*SUMIFS('11_JMeter_Template'!$E$16:$E$515,'11_JMeter_Template'!$A$16:$A$515,A11)/SUMIFS('11_JMeter_Template'!$C$16:$C$515,'11_JMeter_Template'!$A$16:$A$515,A11),"") | M11: =IFERROR(SUMIFS('11_JMeter_Template'!$C$16:$C$515,'11_JMeter_Template'!$A$16:$A$515,A11)/SUMIFS('11_JMeter_Template'!$F$16:$F$515,'11_JMeter_Template'!$A$16:$A$515,A11),"") | N11: =IFERROR(SUMIFS('11_JMeter_Template'!$G$16:$G$515,'11_JMeter_Template'!$A$16:$A$515,A11)/COUNTIF('11_JMeter_Template'!$A$16:$A$515,A11),"") | O11: =IFERROR(SUMIFS('11_JMeter_Template'!$H$16:$H$515,'11_JMeter_Template'!$A$16:$A$515,A11)/COUNTIF('11_JMeter_Template'!$A$16:$A$515,A11),"") | P11: =IF(K11="","",K11-B11) | Q11: =IF(L11="","",L11-C11)
A12: 100 | B12: 3.15 | C12: 4.7 | D12: 64.1 | E12: 88 | F12: 1190 | G12: =100-C12 -> 95.3 | H12: =IFERROR(D12/E12,"") -> 0.72840909 | I12: =IFERROR(F12/A12,"") -> 11.9 | J12: Vetor utilizado nas figuras / resultados agregados | K12: =IFERROR(SUMIFS('11_JMeter_Template'!$D$16:$D$515,'11_JMeter_Template'!$A$16:$A$515,A12)/SUMIFS('11_JMeter_Template'!$C$16:$C$515,'11_JMeter_Template'!$A$16:$A$515,A12)/1000,"") | L12: =IFERROR(100*SUMIFS('11_JMeter_Template'!$E$16:$E$515,'11_JMeter_Template'!$A$16:$A$515,A12)/SUMIFS('11_JMeter_Template'!$C$16:$C$515,'11_JMeter_Template'!$A$16:$A$515,A12),"") | M12: =IFERROR(SUMIFS('11_JMeter_Template'!$C$16:$C$515,'11_JMeter_Template'!$A$16:$A$515,A12)/SUMIFS('11_JMeter_Template'!$F$16:$F$515,'11_JMeter_Template'!$A$16:$A$515,A12),"") | N12: =IFERROR(SUMIFS('11_JMeter_Template'!$G$16:$G$515,'11_JMeter_Template'!$A$16:$A$515,A12)/COUNTIF('11_JMeter_Template'!$A$16:$A$515,A12),"") | O12: =IFERROR(SUMIFS('11_JMeter_Template'!$H$16:$H$515,'11_JMeter_Template'!$A$16:$A$515,A12)/COUNTIF('11_JMeter_Template'!$A$16:$A$515,A12),"") | P12: =IF(K12="","",K12-B12) | Q12: =IF(L12="","",L12-C12)
A15: Fórmula | B15: Definição | D15: Importante: as colunas recalculadas permanecem vazias até a inserção de dados brutos ou médias por ciclo na aba 11. A dissertação não informa versão do JMeter, ramp-up, duração, quantidade exata de repetições, hardware completo, sistema operacional, versões de PHP/SQL nem disponibiliza arquivo .jtl; portanto, os agregados podem ser reproduzidos matematicamente, mas a medição experimental não é integralmente replicável com o documento isolado.
A16: Tempo médio | B16: Σ tempos de resposta (ms) / número de amostras / 1000
A17: Taxa de erro (%) | B17: 100 × número de erros / número de amostras
A18: Throughput | B18: número de amostras / duração total (s)
A19: CPU e memória | B19: média aritmética das amostras ou médias por ciclo

Sheet 07_Desempenho_Funcoes
A1: DESEMPENHO POR FUNCIONALIDADE
A3: Tempos médios e taxas de sucesso das cinco operações avaliadas.
A5: Funcionalidade | B5: Tempo médio (s) | C5: Sucesso (%) | D5: Falha (%) | E5: Falhas esperadas por 1.000 tentativas | F5: Observação
A6: Login | B6: 0.61 | C6: 99.6 | D6: =100-C6 -> 0.4 | E6: =(100-C6)*10 -> 4 | F6: Resultado agregado da dissertação
A7: Consulta de palavras | B7: 0.84 | C7: 99.2 | D7: =100-C7 -> 0.8 | E7: =(100-C7)*10 -> 8 | F7: Resultado agregado da dissertação
A8: Reprodução de áudio | B8: 1.12 | C8: 98.7 | D8: =100-C8 -> 1.3 | E8: =(100-C8)*10 -> 13 | F8: Resultado agregado da dissertação
A9: Cadastro de termo | B9: 1.38 | C9: 98.1 | D9: =100-C9 -> 1.9 | E9: =(100-C9)*10 -> 19 | F9: Resultado agregado da dissertação
A10: Envio de mensagem | B10: 0.93 | C10: 99 | D10: =100-C10 -> 1 | E10: =(100-C10)*10 -> 10 | F10: Resultado agregado da dissertação
A13: A coluna “Falhas esperadas por 1.000 tentativas” é uma transformação matemática da taxa publicada, não uma contagem observada. Para obter intervalos de confiança e testes estatísticos, é necessário conhecer o número real de tentativas por funcionalidade.

Sheet 08_Seguranca_OWASP
A1: INSPEÇÃO DE SEGURANÇA — CATEGORIAS OWASP
A3: Pontuações de 0 a 100 por categoria; máximo de 700 pontos por modelo.
A5: Vulnerabilidade | B5: Risco normalizado | C5: GPT-2 small | D5: BERT | E5: T5 | F5: Maior pontuação | G5: Modelo líder | H5: Amplitude
A6: Cryptographic Failures | B6: Máximo | C6: 60 | D6: 30 | E6: 65 | F6: =MAX(C6:E6) -> 65 | G6: =INDEX($C$5:$E$5,1,MATCH(F6,C6:E6,0)) -> T5 | H6: =MAX(C6:E6)-MIN(C6:E6) -> 35
A7: Injection | B7: Médio | C7: 75 | D7: 40 | E7: 72 | F7: =MAX(C7:E7) -> 75 | G7: =INDEX($C$5:$E$5,1,MATCH(F7,C7:E7,0)) -> GPT-2 small | H7: =MAX(C7:E7)-MIN(C7:E7) -> 35
A8: Insecure Design | B8: Médio | C8: 90 | D8: 60 | E8: 95 | F8: =MAX(C8:E8) -> 95 | G8: =INDEX($C$5:$E$5,1,MATCH(F8,C8:E8,0)) -> T5 | H8: =MAX(C8:E8)-MIN(C8:E8) -> 35
A9: Vulnerable and Outdated Components | B9: Máximo | C9: 40 | D9: 20 | E9: 56 | F9: =MAX(C9:E9) -> 56 | G9: =INDEX($C$5:$E$5,1,MATCH(F9,C9:E9,0)) -> T5 | H9: =MAX(C9:E9)-MIN(C9:E9) -> 36
A10: Identification and Authentication Failures | B10: Máximo | C10: 55 | D10: 25 | E10: 65 | F10: =MAX(C10:E10) -> 65 | G10: =INDEX($C$5:$E$5,1,MATCH(F10,C10:E10,0)) -> T5 | H10: =MAX(C10:E10)-MIN(C10:E10) -> 40
A11: Software and Data Integrity Failures | B11: Máximo | C11: 60 | D11: 35 | E11: 72 | F11: =MAX(C11:E11) -> 72 | G11: =INDEX($C$5:$E$5,1,MATCH(F11,C11:E11,0)) -> T5 | H11: =MAX(C11:E11)-MIN(C11:E11) -> 37
A12: Server-Side Request Forgery (SSRF) | B12: Máximo | C12: 70 | D12: 55 | E12: 71 | F12: =MAX(C12:E12) -> 71 | G12: =INDEX($C$5:$E$5,1,MATCH(F12,C12:E12,0)) -> T5 | H12: =MAX(C12:E12)-MIN(C12:E12) -> 16
A13: Total | C13: =SUM(C6:C12) -> 450 | D13: =SUM(D6:D12) -> 265 | E13: =SUM(E6:E12) -> 496
A14: Conformidade (%) | C14: =100*C13/700 -> 64.285714 | D14: =100*D13/700 -> 37.857143 | E14: =100*E13/700 -> 70.857143
A15: Ranking | C15: =_xludf.rank.eq(C13,$C$13:$E$13,0) -> #NAME? | D15: =_xludf.rank.eq(D13,$C$13:$E$13,0) -> #NAME? | E15: =_xludf.rank.eq(E13,$C$13:$E$13,0) -> #NAME?
A18: Inconsistência identificada: o texto da página 64 menciona “XLNet (470 pontos)”, embora a tabela contenha apenas GPT-2 small, BERT e T5, com totais 450, 265 e 496. O total de 470 não pode ser verificado a partir da tabela. Além disso, o título usa “Percentual de conformidade”, mas os valores apresentados são escores por categoria; o percentual geral é calculado nesta planilha dividindo o total por 700.

Sheet 09_Rastreabilidade
A1: MATRIZ DE RASTREABILIDADE DE REQUISITOS
A3: Requisitos RF01–RF15 e RNF01–RNF12, processos MPS.BR, evidências e situação reportada.
A5: ID | B5: Tipo | C5: Requisito | D5: Módulo | E5: Processo relacionado | F5: Evidência de verificação | G5: Situação reportada | H5: Status normalizado | I5: Cobertura | J5: Comprovação documental | K5: Nota
A6: RF01 | B6: Funcional | C6: Realizar autenticação por login e senha | D6: Autenticação | E6: GRE, DRE, PCP, VER e VAL | F6: Testes com credenciais válidas e inválidas | G6: Implementado | H6: Concluído/validado | I6: 1 | J6: Sim
A7: RF02 | B7: Funcional | C7: Cadastrar usuários | D7: Gestão de usuários | E7: GRE, DRE, PCP e VER | F7: Inclusão e consulta de usuários | G7: Implementado | H7: Concluído/validado | I7: 1 | J7: Sim
A8: RF03 | B8: Funcional | C8: Controlar permissões conforme o perfil de acesso | D8: Controle de acesso | E8: DRE, PCP, VER, VAL e GQA | F8: Testes de acesso às funções administrativas | G8: Implementado | H8: Concluído/validado | I8: 1 | J8: Sim
A9: RF04 | B9: Funcional | C9: Cadastrar termos em Kayapó e português | D9: Acervo linguístico | E9: GRE, DRE, PCP e VER | F9: Inclusão e consulta de termos no banco de dados | G9: Implementado | H9: Concluído/validado | I9: 1 | J9: Sim
A10: RF05 | B10: Funcional | C10: Editar e gerenciar termos cadastrados | D10: Acervo linguístico | E10: DRE, PCP, VER e MAN | F10: Alteração de registros existentes | G10: Implementado | H10: Concluído/validado | I10: 1 | J10: Sim
A11: RF06 | B11: Funcional | C11: Pesquisar palavras nos dois idiomas | D11: Consulta lexical | E11: GRE, DRE, VER e VAL | F11: Pesquisas com termos existentes e inexistentes | G11: Implementado | H11: Concluído/validado | I11: 1 | J11: Sim
A12: RF07 | B12: Funcional | C12: Apresentar a tradução vinculada ao termo pesquisado | D12: Tradução lexical | E12: DRE, PCP e VAL | F12: Comparação com o registro armazenado | G12: Implementado | H12: Concluído/validado | I12: 1 | J12: Sim
A13: RF08 | B13: Funcional | C13: Reproduzir e associar áudios aos termos | D13: Áudio e pronúncia | E13: GRE, DRE, PCP, VER e VAL | F13: Reprodução dos áudios e conferência da associação ao termo | G13: Parcialmente implementado | H13: Parcial | I13: 0.5 | J13: Parcial
A14: RF09 | B14: Funcional | C14: Disponibilizar lições e conteúdos em vídeo | D14: Módulo educacional | E14: GRE, DRE, PCP, VER e VAL | F14: Cadastro e exibição de lições audiovisuais | G14: Implementado | H14: Concluído/validado | I14: 1 | J14: Sim
A15: RF10 | B15: Funcional | C15: Exibir estatísticas de acesso e utilização | D15: Estatísticas | E15: DRE, PCP e VER | F15: Comparação entre registros e indicadores apresentados | G15: Implementado | H15: Concluído/validado | I15: 1 | J15: Sim
A16: RF11 | B16: Funcional | C16: Permitir o envio de mensagens ao administrador | D16: Mensagens | E16: GRE, DRE, VER e VAL | F16: Envio e armazenamento da mensagem | G16: Implementado | H16: Concluído/validado | I16: 1 | J16: Sim
A17: RF12 | B17: Funcional | C17: Permitir a consulta e o gerenciamento de mensagens | D17: Administração | E17: DRE, PCP, VER e MAN | F17: Visualização e atualização do estado das mensagens | G17: Implementado | H17: Concluído/validado | I17: 1 | J17: Sim
... A24: RNF04 | B24: Não funcional | C24: Restringir áreas internas a usuários autorizados | D24: Segurança e sessões | E24: DRE, PCP, VER e GQA | F24: Tentativas de acesso sem autenticação ou permissão | G24: Implementado | H24: Concluído/validado | I24: 1 | J24: Sim
A25: RNF05 | B25: Não funcional | C25: Ocultar a estrutura interna por meio de rotas controladas | D25: Roteamento | E25: DRE, PCP, VER e GQA | F25: Inspeção das URLs e testes de acesso direto | G25: Não comprovado documentalmente | H25: Não comprovado | I25: 0 | J25: Não | K25: Necessita evidência independente.
A26: RNF06 | B26: Não funcional | C26: Validar e tratar os dados inseridos nos formulários | D26: Formulários | E26: DRE, PCP, VER e GQA | F26: Testes com campos vazios, inválidos e caracteres especiais | G26: Implementado | H26: Concluído/validado | I26: 1 | J26: Sim
A27: RNF07 | B27: Não funcional | C27: Reduzir riscos de injeção e manipulação indevida de dados | D27: Banco de dados | E27: PCP, VER e GQA | F27: Testes de segurança com entradas potencialmente maliciosas | G27: Verificado em testes | H27: Concluído/validado | I27: 1 | J27: Sim
A28: RNF08 | B28: Não funcional | C28: Manter a integridade entre termos, traduções e mídias | D28: Banco de dados | E28: DRE, PCP e VER | F28: Testes de inclusão, alteração e consulta de registros relacionados | G28: Implementado | H28: Concluído/validado | I28: 1 | J28: Sim
A29: RNF09 | B29: Não funcional | C29: Manter desempenho adequado em condições controladas de uso | D29: Aplicação, servidor e banco de dados | E29: VER, VAL e GQA | F29: Testes de carga, latência, throughput e taxa de erro | G29: Validado em ambiente controlado | H29: Concluído/validado | I29: 1 | J29: Sim
A30: RNF10 | B30: Não funcional | C30: Permitir manutenção e evolução modular | D30: Arquitetura MVC | E30: PCP, GCO e MAN | F30: Inspeção da separação entre apresentação, lógica e dados | G30: Implementado | H30: Concluído/validado | I30: 1 | J30: Sim
A31: RNF11 | B31: Não funcional | C31: Respeitar aspectos culturais e linguísticos da língua Kayapó | D31: Acervo linguístico | E31: GRE, DRE e VAL | F31: Revisão bibliográfica e previsão de validação especializada | G31: Parcial | H31: Parcial | I31: 0.5 | J31: Parcial
A32: RNF12 | B32: Não funcional | C32: Utilizar apenas conteúdos linguísticos e multimídia autorizados | D32: Gestão de conteúdo | E32: GRE, GQA e VAL | F32: Verificação futura de autorizações e consentimentos | G32: Planejado para implantação | H32: Planejado | I32: 0 | J32: Não

Sheet 10_Requisitos_Resumo
A1: RASTREABILIDADE — COBERTURA E PROCESSOS
A3: Resumo derivado da matriz de 27 requisitos. O índice de cobertura é uma convenção de auditoria explicitada.
A5: Indicador | B5: Fórmula | C5: Resultado | D5: Interpretação | F5: Processo MPS.BR | G5: Descrição | H5: Requisitos associados
A6: Total de requisitos | B6: Contagem de IDs | C6: =COUNTA('09_Rastreabilidade'!A6:A32) -> 27 | D6: 15 funcionais + 12 não funcionais | F6: GRE | G6: Gerência de Requisitos | H6: =COUNTIF('09_Rastreabilidade'!$E$6:$E$32,"*"&F6&"*") -> 13
A7: Funcionais | B7: Prefixo RF | C7: =COUNTIF('09_Rastreabilidade'!B6:B32,"Funcional") -> 15 | D7: Requisitos de comportamento | F7: DRE | G7: Desenvolvimento de Requisitos | H7: =COUNTIF('09_Rastreabilidade'!$E$6:$E$32,"*"&F7&"*") -> 22
A8: Não funcionais | B8: Prefixo RNF | C8: =COUNTIF('09_Rastreabilidade'!B6:B32,"Não funcional") -> 12 | D8: Qualidade, segurança, acessibilidade e manutenção | F8: PCP | G8: Projeto e Construção do Produto | H8: =COUNTIF('09_Rastreabilidade'!$E$6:$E$32,"*"&F8&"*") -> 21
A9: Cobertura documental ponderada | B9: Σ cobertura / total | C9: =100*SUM('09_Rastreabilidade'!I6:I32)/COUNTA('09_Rastreabilidade'!A6:A32) -> 85.185185 | D9: 1 concluído; 0,5 parcial; 0 planejado/não comprovado | F9: VER | G9: Verificação | H9: =COUNTIF('09_Rastreabilidade'!$E$6:$E$32,"*"&F9&"*") -> 19
A10: Requisitos com alguma evidência | B10: Cobertura > 0 | C10: =COUNTIF('09_Rastreabilidade'!I6:I32,">0") -> 24 | D10: Concluídos ou parciais | F10: VAL | G10: Validação | H10: =COUNTIF('09_Rastreabilidade'!$E$6:$E$32,"*"&F10&"*") -> 15
F11: GQA | G11: Garantia da Qualidade | H11: =COUNTIF('09_Rastreabilidade'!$E$6:$E$32,"*"&F11&"*") -> 7
F12: GCO | G12: Gerência de Configuração | H12: =COUNTIF('09_Rastreabilidade'!$E$6:$E$32,"*"&F12&"*") -> 2
A13: Status normalizado | B13: Quantidade | C13: Percentual | F13: MAN | G13: Manutenção | H13: =COUNTIF('09_Rastreabilidade'!$E$6:$E$32,"*"&F13&"*") -> 4
A14: Concluído/validado | B14: =COUNTIF('09_Rastreabilidade'!$H$6:$H$32,A14) -> 22 | C14: =100*B14/COUNTA('09_Rastreabilidade'!$A$6:$A$32) -> 81.481481
A15: Parcial | B15: =COUNTIF('09_Rastreabilidade'!$H$6:$H$32,A15) -> 2 | C15: =100*B15/COUNTA('09_Rastreabilidade'!$A$6:$A$32) -> 7.4074074
A16: Planejado | B16: =COUNTIF('09_Rastreabilidade'!$H$6:$H$32,A16) -> 2 | C16: =100*B16/COUNTA('09_Rastreabilidade'!$A$6:$A$32) -> 7.4074074
A17: Não comprovado | B17: =COUNTIF('09_Rastreabilidade'!$H$6:$H$32,A17) -> 1 | C17: =100*B17/COUNTA('09_Rastreabilidade'!$A$6:$A$32) -> 3.7037037

Sheet 11_JMeter_Template
A1: MODELO DE COLETA — APACHE JMETER
A3: Preencha uma linha por ciclo de execução. Não há dados fictícios nesta aba.
A5: Campo | B5: Definição | C5: Unidade | D5: Obrigatório | E5: Exemplo de origem | F5: Observação
A6: Usuários simultâneos | B6: Número de threads ativas | C6: usuários | D6: Sim | E6: Thread Group | F6: Usar os cenários 1, 5, 10, 25, 50, 75 e 100.
A7: Ciclo | B7: Número da repetição do cenário | C7: inteiro | D7: Sim | E7: Plano experimental | F7: Informar quantas repetições foram realizadas.
A8: Amostras | B8: Total de requisições no ciclo | C8: requisições | D8: Sim | E8: Summary Report / .jtl | F8: Incluir sucessos e falhas.
A9: Tempo total de resposta | B9: Soma dos tempos de todas as amostras | C9: ms | D9: Sim | E9: .jtl | F9: Permite média ponderada correta.
A10: Erros | B10: Número de amostras com falha | C10: requisições | D10: Sim | E10: Summary Report / .jtl | F10: Não registrar apenas percentual.
A11: Duração | B11: Tempo efetivo do ciclo | C11: s | D11: Sim | E11: JMeter / relógio | F11: Necessário para throughput.
A12: CPU média | B12: Média da CPU durante o ciclo | C12: % | D12: Sim | E12: PerfMon / SO | F12: Registrar intervalo de amostragem.
A13: Memória média | B13: Média da RAM usada no ciclo | C13: MB | D13: Sim | E13: PerfMon / SO | F13: Manter a mesma definição em todos os ciclos.
A15: Usuários simultâneos | B15: Ciclo | C15: Amostras | D15: Tempo total resposta (ms) | E15: Erros | F15: Duração (s) | G15: CPU média (%) | H15: Memória média (MB) | I15: Observações

Sheet 12_Auditoria
A1: AVALIAÇÃO CRÍTICA E AUDITORIA DE REPRODUTIBILIDADE
A3: Forças, inconsistências internas, impacto e ações corretivas recomendadas.
A5: Prioridade | B5: Área | C5: Constatação | D5: Impacto | E5: Correção recomendada
A6: Alta | B6: Benchmark | C6: A matriz de pontuações 0–4 não aparece no corpo da dissertação; apenas os índices finais são exibidos. | D6: Impede recalcular o SAW a partir do documento isolado. | E6: Inserir uma tabela com as 40 pontuações e justificativas; a aba 02 restaura essa matriz.
A7: Média | B7: Benchmark | C7: A Tabela 3 visível contém 0, 1, 2 e 3, mas omite a linha 4, embora a fórmula use 4 como máximo. | D7: Ambiguidade na escala ordinal. | E7: Incluir “4 = característica abrangente/operacional” na tabela.
A8: Média | B8: Benchmark | C8: Não são informados avaliadores independentes, protocolo de consenso ou concordância interavaliadores. | D8: Pontuações documentais ficam suscetíveis a viés do avaliador. | E8: Usar dois ou mais avaliadores e relatar Kappa ponderado ou ICC, com resolução de divergências.
A9: Alta | B9: Desempenho | C9: Não são disponibilizados arquivos .jtl, scripts JMeter, quantidade exata de ciclos, ramp-up, duração, think time e endpoints. | D9: O experimento não pode ser repetido de modo independente. | E9: Publicar plano .jmx, logs .jtl, ambiente e protocolo completo; usar a aba 11.
A10: Alta | B10: Desempenho | C10: Hardware, SO, versões do PHP, SQL, servidor web e JMeter não são completamente especificados. | D10: Comparações externas podem produzir resultados diferentes. | E10: Adicionar tabela de ambiente e versões, além de aquecimento e controle de processos concorrentes.
A11: Média | B11: Desempenho | C11: Os resultados são agregados sem dispersão, intervalos de confiança ou número de repetições. | D11: Não é possível estimar variabilidade nem significância. | E11: Relatar média, desvio-padrão, mediana, p95/p99 e IC95% por cenário.
A12: Alta | B12: Segurança | C12: O texto menciona XLNet com 470 pontos, mas a Tabela 6 não contém XLNet; os modelos tabulados são GPT-2, BERT e T5. | D12: Contradição factual e resultado não verificável. | E12: Remover a referência a XLNet ou adicionar sua coluna e escores.
A13: Média | B13: Segurança | C13: A Tabela 6 é chamada de percentual, mas apresenta escores 0–100 por categoria e totais até 700. | D13: Pode confundir escore com percentual. | E13: Renomear para “escores de conformidade” e apresentar total/700 e percentual calculado.
A14: Alta | B14: Heurística | C14: A frequência publicada troca uma ocorrência entre Estética (4 publicada; 3 derivada) e Controle (3 publicada; 4 derivada). | D14: A Tabela 7 não corresponde às 22 linhas dos Quadros 1–5. | E14: Corrigir as duas frequências e percentuais: Estética 3 (13,64%) e Controle 4 (18,18%).
A15: Média | B15: Heurística | C15: No Quadro 4, a linha de menu lateral está identificada como tela “Principal”, embora pertença à seção Estatísticas. | D15: Afeta a agregação por tela se usada literalmente. | E15: Alterar a tela para “Estatísticas” ou justificar a classificação.
A16: Alta | B16: Heurística | C16: O Quadro 5 diz que feedback de erro/sucesso é visível e tem severidade 0; a narrativa seguinte afirma ausência de mensagens claras. | D16: Conclusões de usabilidade ficam contraditórias. | E16: Revisar a interface e manter uma única evidência, com captura e critério de aceitação.
... A21: Positiva | B21: Resultados | C21: Os cálculos globais de severidade (14/22 sem problema, 8/22 leves e média 0,36) e os índices SAW publicados são matematicamente reproduzíveis com os dados restaurados. | D21: Há coerência nos principais resultados quantitativos, apesar das lacunas documentais. | E21: Anexar esta planilha e os dados brutos como material suplementar.

Sheet 01_Dashboard
A1: PAINEL DE RESULTADOS E REPRODUTIBILIDADE
A3: Síntese da dissertação: benchmark, usabilidade, desempenho, segurança e requisitos.
A5: Benchmark Kayapó — equilibrado | E5: Benchmark Kayapó — algorítmico | I5: Benchmark Kayapó — sociotécnico | M5: Média de severidade
A6: ='02_Benchmark_SAW'!L26 -> 87.5 | E6: ='02_Benchmark_SAW'!M26 -> 73.5 | I6: ='02_Benchmark_SAW'!N26 -> 91 | M6: ='05_Heuristica_Resumo'!C11 -> 0.36363636
A9: Aspectos com problema (%) | E9: Resposta a 100 usuários (s) | I9: Erro a 100 usuários (%) | M9: Cobertura documental (%)
A10: ='05_Heuristica_Resumo'!C10 -> 36.363636 | E10: ='06_Desempenho_Carga'!B12 -> 3.15 | I10: ='06_Desempenho_Carga'!C12 -> 4.7 | M10: ='10_Requisitos_Resumo'!C9 -> 85.185185
A14: Principais conclusões
A15: O SAW confirma perfis distintos: a Plataforma Kayapó lidera nos cenários equilibrado (87,5) e sociotécnico (91,0), enquanto o AmericasNLP lidera no cenário algorítmico (77,0). | I15: A avaliação heurística registra 8 problemas leves em 22 aspectos, sem problemas moderados ou graves. A média de severidade é 0,36.
A18: O desempenho permanece mais favorável até 50 usuários. Aos 100 usuários: 3,15 s, 4,7% de erro, 64,1 req/s, 88% de CPU e 1.190 MB de memória. | I18: A matriz contém 27 requisitos. A cobertura documental ponderada é calculada nesta planilha; não substitui evidências versionadas de teste.
A23: Alertas de auditoria
A24: Prioridades: (1) anexar matriz 0–4 do benchmark e justificativas; (2) publicar .jmx/.jtl e ambiente de teste; (3) corrigir a menção a XLNet; (4) corrigir a frequência das heurísticas Estética/Controle; (5) resolver a contradição sobre feedback na tela de mensagens. Consulte a aba 12 para a avaliação completa.
A31: Alternativa | B31: Equilibrado | C31: Algorítmico | D31: Sociotécnico | F31: Usuários | G31: Resposta (s) | H31: Erro (%) | I31: Throughput | J31: CPU (%) | K31: Memória/15
A32: Ayuuk–Espanhol NMT | B32: ='02_Benchmark_SAW'!L23 -> 42.5 | C32: ='02_Benchmark_SAW'!M23 -> 63 | D32: ='02_Benchmark_SAW'!N23 -> 37.5 | F32: ='06_Desempenho_Carga'!A6 -> 1 | G32: ='06_Desempenho_Carga'!B6 -> 0.42 | H32: ='06_Desempenho_Carga'!C6 -> 0 | I32: ='06_Desempenho_Carga'!D6 -> 2.1 | J32: ='06_Desempenho_Carga'!E6 -> 12 | K32: ='06_Desempenho_Carga'!F6/15 -> 22.666667
A33: AmericasNLP 2024 | B33: ='02_Benchmark_SAW'!L24 -> 55 | C33: ='02_Benchmark_SAW'!M24 -> 77 | D33: ='02_Benchmark_SAW'!N24 -> 48.5 | F33: ='06_Desempenho_Carga'!A7 -> 5 | G33: ='06_Desempenho_Carga'!B7 -> 0.51 | H33: ='06_Desempenho_Carga'!C7 -> 0 | I33: ='06_Desempenho_Carga'!D7 -> 9.4 | J33: ='06_Desempenho_Carga'!E7 -> 18 | K33: ='06_Desempenho_Carga'!F7/15 -> 27.333333
A34: mBART cross-lingual | B34: ='02_Benchmark_SAW'!L25 -> 42.5 | C34: ='02_Benchmark_SAW'!M25 -> 71 | D34: ='02_Benchmark_SAW'!N25 -> 33.5 | F34: ='06_Desempenho_Carga'!A8 -> 10 | G34: ='06_Desempenho_Carga'!B8 -> 0.68 | H34: ='06_Desempenho_Carga'!C8 -> 0.2 | I34: ='06_Desempenho_Carga'!D8 -> 17.8 | J34: ='06_Desempenho_Carga'!E8 -> 27 | K34: ='06_Desempenho_Carga'!F8/15 -> 34.666667
A35: Plataforma Kayapó | B35: ='02_Benchmark_SAW'!L26 -> 87.5 | C35: ='02_Benchmark_SAW'!M26 -> 73.5 | D35: ='02_Benchmark_SAW'!N26 -> 91 | F35: ='06_Desempenho_Carga'!A9 -> 25 | G35: ='06_Desempenho_Carga'!B9 -> 0.95 | H35: ='06_Desempenho_Carga'!C9 -> 0.6 | I35: ='06_Desempenho_Carga'!D9 -> 37.5 | J35: ='06_Desempenho_Carga'!E9 -> 43 | K35: ='06_Desempenho_Carga'!F9/15 -> 46
F36: ='06_Desempenho_Carga'!A10 -> 50 | G36: ='06_Desempenho_Carga'!B10 -> 1.48 | H36: ='06_Desempenho_Carga'!C10 -> 1.4 | I36: ='06_Desempenho_Carga'!D10 -> 54.2 | J36: ='06_Desempenho_Carga'!E10 -> 61 | K36: ='06_Desempenho_Carga'!F10/15 -> 58
F37: ='06_Desempenho_Carga'!A11 -> 75 | G37: ='06_Desempenho_Carga'!B11 -> 2.21 | H37: ='06_Desempenho_Carga'!C11 -> 2.9 | I37: ='06_Desempenho_Carga'!D11 -> 61.8 | J37: ='06_Desempenho_Carga'!E11 -> 78 | K37: ='06_Desempenho_Carga'!F11/15 -> 69.333333
F38: ='06_Desempenho_Carga'!A12 -> 100 | G38: ='06_Desempenho_Carga'!B12 -> 3.15 | H38: ='06_Desempenho_Carga'!C12 -> 4.7 | I38: ='06_Desempenho_Carga'!D12 -> 64.1 | J38: ='06_Desempenho_Carga'!E12 -> 88 | K38: ='06_Desempenho_Carga'!F12/15 -> 79.333333
